﻿<?xml version="1.0" encoding="utf-8"?>
<xs:StringResources xs:lang="English" xmlns:xs="https://github.com/xShadowArmy/digital-commissioning-tool/tree/main/DigitalCommissioningTool/Output/Resources/" xmlns:xsi="http://www.w3.org/2001/XMLSchema-instance" xsi:schemaLocation="https://github.com/xShadowArmy/digital-commissioning-tool/tree/main/DigitalCommissioningTool/Output/Resources/ StringResourceSchema.xsd">
    <xs:String xs:name="DefaultProjectName" xs:id="1">
        <xs:Value>DefaultProject</xs:Value>
    </xs:String>
    <xs:string xs:name="NewProject" xs:id="2">
        <xs:value>New Project</xs:value>
    </xs:string>
    <xs:string xs:name="OpenProject" xs:id="3">
        <xs:value>Open Project</xs:value>
    </xs:string>
    <xs:string xs:name="Settings" xs:id="4">
        <xs:value>Settings</xs:value>
    </xs:string>
    <xs:string xs:name="Exit" xs:id="5">
        <xs:value>Exit</xs:value>
    </xs:string>
    <xs:string xs:name="Fullscreen" xs:id="6">
        <xs:value>Fullscreen</xs:value>
    </xs:string>
    <xs:string xs:name="Resolution" xs:id="7">
        <xs:value>Resolution</xs:value>
    </xs:string>
    <xs:string xs:name="Language" xs:id="8">
        <xs:value>Language</xs:value>
    </xs:string>
    <xs:string xs:name="Back" xs:id="9">
        <xs:value>Back</xs:value>
    </xs:string>
    <xs:string xs:name="German" xs:id="10">
        <xs:value>German</xs:value>
    </xs:string>
    <xs:string xs:name="English" xs:id="11">
        <xs:value>English</xs:value>
    </xs:string>
    <xs:string xs:name="NewProjectNamePrompt" xs:id="12">
        <xs:value>Please enter a project title</xs:value>
    </xs:string>
    <xs:string xs:name="Continue" xs:id="13">
        <xs:value>Continue</xs:value>
    </xs:string>
    <xs:string xs:name="ProjectNamePlaceholder" xs:id="14">
        <xs:value>Project Title</xs:value>
    </xs:string>
    <xs:string xs:name="ProjectNameLabel" xs:id="15">
        <xs:value>Name:</xs:value>
    </xs:string>
    <xs:string xs:name="ProjectPathLabel" xs:id="16">
        <xs:value>Path:</xs:value>
    </xs:string>
    <xs:string xs:name="ProjectModifiedLabel" xs:id="17">
        <xs:value>Last Modified:</xs:value>
    </xs:string>
    <xs:string xs:name="ProjectCreatedLabel" xs:id="18">
        <xs:value>Created:</xs:value>
    </xs:string>
    <xs:string xs:name="AddWallText" xs:id="19">
        <xs:value>Add wall</xs:value>
    </xs:string>
    <xs:string xs:name="AddWindowText" xs:id="20">
        <xs:value>Add window</xs:value>
    </xs:string>
    <xs:string xs:name="AddDoorText" xs:id="21">
        <xs:value>Add door</xs:value>
    </xs:string>
    <xs:string xs:name="AddInnerWallText" xs:id="22">
        <xs:value>Add Inner Wall</xs:value>
    </xs:string>
    <xs:string xs:name="Edit" xs:id="23">
        <xs:value>Edit</xs:value>
    </xs:string>
    <xs:string xs:name="AddItem" xs:id="24">
        <xs:value>Add Item</xs:value>
    </xs:string>
    <xs:string xs:name="WarehouseItems" xs:id="25">
        <xs:value>Warehouse Items</xs:value>
    </xs:string>
    <xs:string xs:name="SaveItem" xs:id="26">
        <xs:value>Save</xs:value>
    </xs:string>
    <xs:string xs:name="Count" xs:id="27">
        <xs:value>Count</xs:value>
    </xs:string>
    <xs:string xs:name="Weight" xs:id="28">
        <xs:value>Weight</xs:value>
    </xs:string>
    <xs:string xs:name="Name" xs:id="29">
        <xs:value>Name</xs:value>
    </xs:string>
    <xs:string xs:name="EditItem" xs:id="30">
        <xs:value>Edit Item</xs:value>
    </xs:string>
    <xs:string xs:name="KeyBinds" xs:id="31">
        <xs:value>Key Binds</xs:value>
    </xs:string>
    <xs:string xs:name="RemoveItem" xs:id="32">
        <xs:value>Remove Item</xs:value>
    </xs:string>
    <xs:string xs:name="Queue" xs:id="33">
        <xs:value>Queue</xs:value>
    </xs:string>
    <xs:string xs:name="Confirm" xs:id="34">
        <xs:value>Confirm</xs:value>
    </xs:string>
    <xs:string xs:name="EnterAmount" xs:id="35">
        <xs:value>Enter amount:</xs:value>
    </xs:string>
    <xs:string xs:name="Amount" xs:id="36">
        <xs:value>Amount</xs:value>
    </xs:string>
    <xs:string xs:name="TimeMeasurements" xs:id="37">
        <xs:value>Time Measurements</xs:value>
    </xs:string>
    <xs:string xs:name="Index" xs:id="38">
        <xs:value>Index</xs:value>
    </xs:string>
    <xs:string xs:name="Date" xs:id="39">
        <xs:value>Date</xs:value>
    </xs:string>
    <xs:string xs:name="Duration" xs:id="40">
        <xs:value>Duration</xs:value>
    </xs:string>
    <xs:string xs:name="SelectedStorage" xs:id="41">
        <xs:value>Storage</xs:value>
    </xs:string>
    <xs:string xs:name="CountDistributeItem" xs:id="42">
        <xs:value>Count</xs:value>
    </xs:string>
    <xs:string xs:name="DistributeItem" xs:id="43">
        <xs:value>Add</xs:value>
    </xs:string>
    <xs:string xs:name="NameDistributeItem" xs:id="44">
        <xs:value>Name</xs:value>
    </xs:string>
    <xs:string xs:name="DistributeItemConfirm" xs:id="45">
        <xs:value>Add</xs:value>
    </xs:string>
    <xs:string xs:name="Save" xs:id="46">
        <xs:value>save</xs:value>
    </xs:string>
    <xs:string xs:name="WallLengthText" xs:id="47">
        <xs:value>Wall Length:</xs:value>
    </xs:string>
    <xs:string xs:name="Idle" xs:id="48">
        <xs:value>Idle</xs:value>
    </xs:string>
    <xs:string xs:name="WalkTo" xs:id="49">
        <xs:value>Walk To</xs:value>
    </xs:string>
    <xs:string xs:name="Execute" xs:id="50">
        <xs:value>Execute</xs:value>
    </xs:string>
    <xs:string xs:name="SuccessfullySavedText" xs:id="51">
        <xs:value>Project was saved</xs:value>
    </xs:string>
</xs:StringResources>