﻿<?xml version="1.0" encoding="utf-8"?>
<xs:Config xs:dataCount="16" xmlns:xs="https://github.com/xShadowArmy/digital-commissioning-tool/tree/main/DigitalCommissioningTool/Output/Resources/" xmlns:xsi="http://www.w3.org/2001/XMLSchema-instance" xsi:schemaLocation="https://github.com/xShadowArmy/digital-commissioning-tool/tree/main/DigitalCommissioningTool/Output/Resources/ ConfigSchema.xsd">
    <xs:ComplexData xs:name="Rotate" xs:id="1" xs:type="objectData" xs:isArray="false" xs:elementCount="1">
        <xs:Values xs:propertyCount="2">
            <xs:Property xs:type="Boolean" xs:value="False">
            </xs:Property>
            <xs:Property xs:type="KeyCode" xs:value="R">
            </xs:Property>
        </xs:Values>
    </xs:ComplexData>
    <xs:ComplexData xs:name="RotateLeft" xs:id="2" xs:type="objectData" xs:isArray="false" xs:elementCount="1">
        <xs:Values xs:propertyCount="2">
            <xs:Property xs:type="Boolean" xs:value="False">
            </xs:Property>
            <xs:Property xs:type="KeyCode" xs:value="Q">
            </xs:Property>
        </xs:Values>
    </xs:ComplexData>
    <xs:ComplexData xs:name="RotateRight" xs:id="3" xs:type="objectData" xs:isArray="false" xs:elementCount="1">
        <xs:Values xs:propertyCount="2">
            <xs:Property xs:type="Boolean" xs:value="False">
            </xs:Property>
            <xs:Property xs:type="KeyCode" xs:value="E">
            </xs:Property>
        </xs:Values>
    </xs:ComplexData>
    <xs:ComplexData xs:name="MoveCameraUp" xs:id="4" xs:type="objectData" xs:isArray="false" xs:elementCount="1">
        <xs:Values xs:propertyCount="2">
            <xs:Property xs:type="Boolean" xs:value="False">
            </xs:Property>
            <xs:Property xs:type="KeyCode" xs:value="E">
            </xs:Property>
        </xs:Values>
    </xs:ComplexData>
    <xs:ComplexData xs:name="MoveCameraDown" xs:id="5" xs:type="objectData" xs:isArray="false" xs:elementCount="1">
        <xs:Values xs:propertyCount="2">
            <xs:Property xs:type="Boolean" xs:value="False">
            </xs:Property>
            <xs:Property xs:type="KeyCode" xs:value="Q">
            </xs:Property>
        </xs:Values>
    </xs:ComplexData>
    <xs:ComplexData xs:name="MoveXAxis" xs:id="6" xs:type="objectData" xs:isArray="false" xs:elementCount="1">
        <xs:Values xs:propertyCount="2">
            <xs:Property xs:type="Boolean" xs:value="False">
            </xs:Property>
            <xs:Property xs:type="KeyCode" xs:value="X">
            </xs:Property>
        </xs:Values>
    </xs:ComplexData>
    <xs:ComplexData xs:name="MoveZAxis" xs:id="7" xs:type="objectData" xs:isArray="false" xs:elementCount="1">
        <xs:Values xs:propertyCount="2">
            <xs:Property xs:type="Boolean" xs:value="False">
            </xs:Property>
            <xs:Property xs:type="KeyCode" xs:value="Z">
            </xs:Property>
        </xs:Values>
    </xs:ComplexData>
    <xs:ComplexData xs:name="ChangeMode" xs:id="8" xs:type="objectData" xs:isArray="false" xs:elementCount="1">
        <xs:Values xs:propertyCount="2">
            <xs:Property xs:type="Boolean" xs:value="False">
            </xs:Property>
            <xs:Property xs:type="KeyCode" xs:value="Tab">
            </xs:Property>
        </xs:Values>
    </xs:ComplexData>
    <xs:ComplexData xs:name="InsertStorageReck" xs:id="9" xs:type="objectData" xs:isArray="false" xs:elementCount="1">
        <xs:Values xs:propertyCount="2">
            <xs:Property xs:type="Boolean" xs:value="True">
            </xs:Property>
            <xs:Property xs:type="KeyCode" xs:value="Alpha1">
            </xs:Property>
        </xs:Values>
    </xs:ComplexData>
    <xs:ComplexData xs:name="InsertWall" xs:id="10" xs:type="objectData" xs:isArray="false" xs:elementCount="1">
        <xs:Values xs:propertyCount="2">
            <xs:Property xs:type="Boolean" xs:value="True">
            </xs:Property>
            <xs:Property xs:type="KeyCode" xs:value="Alpha2">
            </xs:Property>
        </xs:Values>
    </xs:ComplexData>
    <xs:ComplexData xs:name="InsertWindow" xs:id="11" xs:type="objectData" xs:isArray="false" xs:elementCount="1">
        <xs:Values xs:propertyCount="2">
            <xs:Property xs:type="Boolean" xs:value="True">
            </xs:Property>
            <xs:Property xs:type="KeyCode" xs:value="Alpha3">
            </xs:Property>
        </xs:Values>
    </xs:ComplexData>
    <xs:ComplexData xs:name="InsertDoor" xs:id="12" xs:type="objectData" xs:isArray="false" xs:elementCount="1">
        <xs:Values xs:propertyCount="2">
            <xs:Property xs:type="Boolean" xs:value="True">
            </xs:Property>
            <xs:Property xs:type="KeyCode" xs:value="Alpha4">
            </xs:Property>
        </xs:Values>
    </xs:ComplexData>
    <xs:ComplexData xs:name="InsertGate" xs:id="13" xs:type="objectData" xs:isArray="false" xs:elementCount="1">
        <xs:Values xs:propertyCount="2">
            <xs:Property xs:type="Boolean" xs:value="True">
            </xs:Property>
            <xs:Property xs:type="KeyCode" xs:value="Alpha5">
            </xs:Property>
        </xs:Values>
    </xs:ComplexData>
    <xs:ComplexData xs:name="InsertItem" xs:id="14" xs:type="objectData" xs:isArray="false" xs:elementCount="1">
        <xs:Values xs:propertyCount="2">
            <xs:Property xs:type="Boolean" xs:value="True">
            </xs:Property>
            <xs:Property xs:type="KeyCode" xs:value="Alpha6">
            </xs:Property>
        </xs:Values>
    </xs:ComplexData>
    <xs:ComplexData xs:name="RemoveSelected" xs:id="15" xs:type="objectData" xs:isArray="false" xs:elementCount="1">
        <xs:Values xs:propertyCount="2">
            <xs:Property xs:type="Boolean" xs:value="False">
            </xs:Property>
            <xs:Property xs:type="KeyCode" xs:value="Delete">
            </xs:Property>
        </xs:Values>
    </xs:ComplexData>
    <xs:ComplexData xs:name="MoveSelected" xs:id="16" xs:type="objectData" xs:isArray="false" xs:elementCount="1">
        <xs:Values xs:propertyCount="2">
            <xs:Property xs:type="Boolean" xs:value="False">
            </xs:Property>
            <xs:Property xs:type="KeyCode" xs:value="M">
            </xs:Property>
        </xs:Values>
    </xs:ComplexData>
</xs:Config>